{
  "notebook": "03b_berlin_optimization",
  "completed_at": "2026-02-10T00:44:17.346952+00:00",
  "runtime_seconds": 7183.684654474258,
  "runtime_minutes": 119.72807757457097,
  "champions": {
    "ml": "xgboost",
    "nn": "cnn_1d"
  },
  "ml_hp_tuning": {
    "n_trials": 10,
    "best_cv_f1": 0.5479816073946191,
    "best_params": {
      "n_estimators": 261,
      "max_depth": 6,
      "learning_rate": 0.11479175279631737,
      "subsample": 0.8582458280396084,
      "colsample_bytree": 0.9223705789444759,
      "reg_lambda": 1.139493860652042,
      "reg_alpha": 0.14607232426760908,
      "min_child_weight": 2
    }
  },
  "nn_hp_tuning": {
    "n_trials": 10,
    "best_cv_f1": 0.5716194125373238,
    "best_params": {
      "conv_filters": [
        64,
        128,
        128
      ],
      "kernel_size": 5,
      "dropout": 0.4187021504122962,
      "dense_units": [
        128,
        64
      ],
      "learning_rate": 0.0013961643213606816,
      "batch_size": 64,
      "epochs": 60,
      "early_stopping_patience": 8
    }
  },
  "test_metrics": {
    "ml": {
      "f1_score": 0.571382068992355,
      "precision": 0.6344751932284147,
      "recall": 0.6000580752730474,
      "accuracy": 0.6000580752730474
    },
    "nn": {
      "f1_score": 0.6022029379168131,
      "precision": 0.6306868171650022,
      "recall": 0.6287116656362989,
      "accuracy": 0.6287116656362989
    }
  },
  "generalization": {
    "ml_cv_test_gap": -0.0234004615977359,
    "nn_cv_test_gap": -0.030583525379489274
  }
}