{
  "notebook": "03d_finetuning",
  "completed_at": "2026-02-10T02:13:49.654874+00:00",
  "ml_champion": "xgboost",
  "nn_champion": "cnn_1d",
  "fractions": [
    0.1,
    0.25,
    0.5,
    1.0
  ],
  "ml_final_f1": 0.714201579893677,
  "nn_final_f1": 0.4448897714195571,
  "baseline_final_f1": 0.6814532479021603,
  "power_law": {
    "a": 0.11738412243586865,
    "b": 0.16022948648823765,
    "r_squared": 0.998680974599832,
    "extrapolated_x": 14143.348618031045
  },
  "mcnemar_significant": {
    "vs_zeroshot": true,
    "vs_fromscratch": true
  }
}