{
  "best_params": {
    "batch_size": 64,
    "conv_filters": [
      64,
      128,
      128
    ],
    "dense_units": [
      128,
      64
    ],
    "dropout": 0.4187021504122962,
    "early_stopping_patience": 8,
    "epochs": 60,
    "kernel_size": 5,
    "learning_rate": 0.0013961643213606816,
    "n_classes": 17,
    "n_months": 8,
    "n_static_features": 0,
    "n_temporal_bases": 18
  },
  "feature_columns": [
    "B11_04",
    "B11_05",
    "B11_06",
    "B11_07",
    "B11_08",
    "B11_09",
    "B11_10",
    "B11_11",
    "B12_04",
    "B12_05",
    "B12_06",
    "B12_07",
    "B12_08",
    "B12_09",
    "B12_10",
    "B12_11",
    "B2_04",
    "B2_05",
    "B2_06",
    "B2_07",
    "B2_08",
    "B2_09",
    "B2_10",
    "B2_11",
    "B3_04",
    "B3_05",
    "B3_06",
    "B3_07",
    "B3_08",
    "B3_09",
    "B3_10",
    "B3_11",
    "B4_04",
    "B4_05",
    "B4_06",
    "B4_07",
    "B4_08",
    "B4_09",
    "B4_10",
    "B4_11",
    "B5_04",
    "B5_05",
    "B5_06",
    "B5_07",
    "B5_08",
    "B5_09",
    "B5_10",
    "B5_11",
    "B8A_04",
    "B8A_05",
    "B8A_06",
    "B8A_07",
    "B8A_08",
    "B8A_09",
    "B8A_10",
    "B8A_11",
    "B8_04",
    "B8_05",
    "B8_06",
    "B8_07",
    "B8_08",
    "B8_09",
    "B8_10",
    "B8_11",
    "CIre_04",
    "CIre_05",
    "CIre_06",
    "CIre_07",
    "CIre_08",
    "CIre_09",
    "CIre_10",
    "CIre_11",
    "EVI_04",
    "EVI_05",
    "EVI_06",
    "EVI_07",
    "EVI_08",
    "EVI_09",
    "EVI_10",
    "EVI_11",
    "IRECI_04",
    "IRECI_05",
    "IRECI_06",
    "IRECI_07",
    "IRECI_08",
    "IRECI_09",
    "IRECI_10",
    "IRECI_11",
    "MSI_04",
    "MSI_05",
    "MSI_06",
    "MSI_07",
    "MSI_08",
    "MSI_09",
    "MSI_10",
    "MSI_11",
    "NDVI_04",
    "NDVI_05",
    "NDVI_06",
    "NDVI_07",
    "NDVI_08",
    "NDVI_09",
    "NDVI_10",
    "NDVI_11",
    "NDVIre_04",
    "NDVIre_05",
    "NDVIre_06",
    "NDVIre_07",
    "NDVIre_08",
    "NDVIre_09",
    "NDVIre_10",
    "NDVIre_11",
    "NDWI_04",
    "NDWI_05",
    "NDWI_06",
    "NDWI_07",
    "NDWI_08",
    "NDWI_09",
    "NDWI_10",
    "NDWI_11",
    "NDre1_04",
    "NDre1_05",
    "NDre1_06",
    "NDre1_07",
    "NDre1_08",
    "NDre1_09",
    "NDre1_10",
    "NDre1_11",
    "RTVIcore_04",
    "RTVIcore_05",
    "RTVIcore_06",
    "RTVIcore_07",
    "RTVIcore_08",
    "RTVIcore_09",
    "RTVIcore_10",
    "RTVIcore_11",
    "VARI_04",
    "VARI_05",
    "VARI_06",
    "VARI_07",
    "VARI_08",
    "VARI_09",
    "VARI_10",
    "VARI_11"
  ],
  "hp_tuning_cv_f1": 0.5716194125373238,
  "idx_to_label": {
    "0": "AESCULUS",
    "1": "AILANTHUS",
    "2": "ALNUS",
    "3": "CARPINUS",
    "4": "CORYLUS",
    "5": "FAGUS",
    "6": "Group 1",
    "7": "Group 11",
    "8": "Group 14",
    "9": "Group 9",
    "10": "MALUS",
    "11": "PLATANUS",
    "12": "PYRUS",
    "13": "QUERCUS",
    "14": "SALIX",
    "15": "TILIA",
    "16": "ULMUS"
  },
  "label_to_idx": {
    "AESCULUS": 0,
    "AILANTHUS": 1,
    "ALNUS": 2,
    "CARPINUS": 3,
    "CORYLUS": 4,
    "FAGUS": 5,
    "Group 1": 6,
    "Group 11": 7,
    "Group 14": 8,
    "Group 9": 9,
    "MALUS": 10,
    "PLATANUS": 11,
    "PYRUS": 12,
    "QUERCUS": 13,
    "SALIX": 14,
    "TILIA": 15,
    "ULMUS": 16
  },
  "model_name": "cnn_1d",
  "n_classes": 17,
  "n_features": 144,
  "training_samples": 561626
}